BIOCARTA_TEL_PATHWAY,CHICAS_RB1_TARGETS_CONFLUENT,CHICAS_RB1_TARGETS_GROWING,CHICAS_RB1_TARGETS_LOW_SERUM,CHICAS_RB1_TARGETS_SENESCENT,COURTOIS_SENESCENCE_TRIGGERS,DEMAGALHAES_AGING_DN,DEMAGALHAES_AGING_UP,FRIDMAN_IMMORTALIZATION_DN,FRIDMAN_SENESCENCE_DN,FRIDMAN_SENESCENCE_UP,GO_CELL_AGING,GO_MULTICELLULAR_ORGANISM_AGING,GO_STRESS_INDUCED_PREMATURE_SENESCENCE,KAMMINGA_EZH2_TARGETS,KAMMINGA_SENESCENCE,KEGG_P53_SIGNALING_PATHWAY,KUMAMOTO_RESPONSE_TO_NUTLIN_3A_DN,KUMAMOTO_RESPONSE_TO_NUTLIN_3A_UP,LINDVALL_IMMORTALIZED_BY_TERT_DN,LINDVALL_IMMORTALIZED_BY_TERT_UP,ONGUSAHA_BRCA1_TARGETS_DN,ONGUSAHA_BRCA1_TARGETS_UP,ONGUSAHA_TP53_TARGETS,REACTOME_CELLULAR_SENESCENCE,REACTOME_DNA_DAMAGE_TELOMERE_STRESS_INDUCED_SENESCENCE,REACTOME_ONCOGENE_INDUCED_SENESCENCE,REACTOME_OXIDATIVE_STRESS_INDUCED_SENESCENCE,ROETH_TERT_TARGETS_DN,ROETH_TERT_TARGETS_UP,TANG_SENESCENCE_TP53_TARGETS_DN,TANG_SENESCENCE_TP53_TARGETS_UP,VARELA_ZMPSTE24_TARGETS_DN,VARELA_ZMPSTE24_TARGETS_UP,WP_SENESCENCE_AND_AUTOPHAGY_IN_CANCER
AKT1,ABAT,ADAMTS2,AAK1,ABHD3,E2F1,ACSS2,ADIPOR2,AHR,ALDH1A1,ALDH1A3,ABL1,ATM,ARNTL,AHCY,ABHD8,ADGRB1,CCNA2,BTG2,ADAM12,A2M,ANKRD1,APOE,AK1,ACD,ACD,AGO1,AGO1,CCR1,GPR35,ADARB1,A2M,AKR1C1,ADARB1,AKT1S1
BCL2,ABHD12,ADAMTS6,ATOX1,ABI2,E2F3,ATP5MC3,ANXA3,ALDH1A3,BMI1,AOPEP,AKT3,CGAS,CDKN1A,AURKA,ARHGAP28,APAF1,CCNB1,CYFIP2,ADM,ADAMTS1,ARHGAP5,COL18A1,ANXA8L1,AGO1,ASF1A,AGO3,AGO3,CCR2,HEG1,ADH1B,ABCA8,ALDH1A1,ATF3,AMBRA1
EGFR,ABI3BP,ADGRG6,ATP5MC2,ACADM,NF1,CA4,ANXA5,AOPEP,CCN4,CCN2,ARG2,CISD2,MAPK14,AURKB,ARHGEF10L,ATM,CDC20,GDF15,AIMP2,ADIRF,CCL7,DDIT4,APOBEC1,AGO3,ATM,AGO4,AGO4,CCR5,HERC5,AURKB,ADAMTS5,ALDH3A2,ATF4,ATG10
HSP90AA1,AC090152.1,AKR1C1,ATP5ME,ACBD3,PTEN,CALB1,APOD,CCN2,CCNB1,CCND1,ARNTL,COMP,MAPKAPK5,CCNB2,ARID1A,ATR,CDKN3,MDM2,AKAP12,ANXA11,CDK8,ECM1,CCNG1,AGO4,CABIN1,CDK4,BMI1,CLEC2B,HERC6,BARD1,ALDH3A2,ALDOB,BAIAP2,ATG12
IGF1R,ACOT7,ALDH1L2,ATP5MF,ACKR3,,COL1A1,B2M,CDKN1A,CDC25B,CD44,ATM,COQ7,PLA2R1,CDCA5,ATXN7L3B,BAX,CENPF,NINJ1,AKR1C1,APCDD1,DUSP12,ENPP2,CDKN1A,ANAPC1,CCNA1,CDK6,CBX2,CRIM1,IFI44,BIRC5,APLP1,BPHL,BCL2L1,ATG13
KRAS,ACTA2,ANKRD13A,ATP5MG,ACOT7,,COL3A1,C1QA,CDKN2A,CKS1BP7,CDKN1A,ATR,CRYAB,SIRT1,CDCA7,CCAR1,BBC3,CKS2,PLTP,ANTXR1,ARID5A,LYPLA1,GADD45A,COL18A1,ANAPC10,CCNA2,CDKN2A,CBX4,CXCR6,IFI44L,BUB1,BACE1,C11orf54,BTG2,ATG14
MYC,ACTB,ANKRD28,ATP5MPL,ACP3,,COL4A5,C1QB,CLTB,COL3A1,CDKN1C,B2M,CTSV,TP53,CUL2,CDYL2,BID,KIF2C,SESN1,ARHGAP5,ARMC9,MAPKAPK2,H1-2,COX6B2,ANAPC11,CCNE1,CDKN2B,CBX6,GZMK,IFIT1,CCNA2,C7,CA3,BTG3,ATG16L1
PPP2CA,ACTG2,ANO1,C4A,ACTG2,,CX3CL1,C1QC,CREG1,E2F4,CDKN2A,BCL2,DDC,WNT16,DBF4,CLK2,CASP3,KIFC1,SULF2,ARL4C,ARPC1B,SCEL,HMOX1,CSRP2,ANAPC15,CCNE2,CDKN2C,CBX8,KLRC1,IFIT3,CCNB2,CCDC85B,CAT,C15orf39,ATG3
PRKCA,ACTN4,ANP32E,C4orf48,ACYP1,,DIABLO,C3,CXCL14,EGR1,CDKN2B,BCL2L12,EDN1,,DNTT,CPN1,CASP8,KNL1,TP53I3,ARL4D,ASS1,TPR,KRT13,CTSF,ANAPC16,CDK2,CDKN2D,CDK4,SPTBN1,MX1,CDC20,CCND2,CCDC58,CD14,ATG5
RB1,ADAM19,ANPEP,CCNE2,ADD3,,FABP3,C4A,CYP1B1,ID1,CDKN2D,BCL6,ERCC1,,ECT2,DAGLB,CASP9,SPAG5,,BLM,ATP2B1,ZFP62,MAGEH1,CTSH,ANAPC2,CDKN1A,E2F1,CDK6,,NRIP1,CDC25A,CDKN1A,CD1D,CDKN1A,ATG7
TEP1,ADAMTS2,ANXA3,CDCA7,AGGF1,,GHITM,CLIC4,FILIP1L,LAMA1,CITED2,BGLAP,GHRHR,,EED,DDX54,CCNB1,,,CAPN5,BBS7,ZNF638,MMP13,DAXX,ANAPC4,CDKN1B,E2F2,CDKN2A,,OASL,CDK1,CLIP1,CPT2,CIRBP,BCL2
TERF1,ADAMTS8,APOBEC3B,CDT1,AKAP12,,NDUFB11,CLU,HPS5,LDB2,CLTB,BMPR1A,HELT,,GMNN,DHRSX,CCNB2,,,CCDC80,BMP4,,RBP4,DDIT4,ANAPC5,EP400,E2F3,CDKN2B,,PLA2G4A,CENPA,COX7A1,CYP2B6,CRCP,BECN1
TERT,ADD1,ARL4A,CENPW,AKR7A2,,NREP,CTSS,HSPA2,MARCKS,COL1A2,BRCA2,HYAL2,,H2AZ1,ELAVL1,CCNB3,,,CCN1,CALD1,,TGFBI,DGKA,ANAPC7,H1-0,ERF,CDKN2C,,RSAD2,CENPE,GABBR2,EHHADH,CSNK1D,BMI1
TNKS,ADGRA2,ASNS,CKLF,ALDH1A3,,TFRC,DCLK1,HTATIP2,,CREG1,CALR,IDE,,HAT1,EZH2,CCND1,,,CDON,CD9,,,EFS,ASF1A,H1-1,ETS1,CDKN2D,,SLC12A8,CTH,GBX2,FABP1,CUX2,BMP2
TP53,ADGRG6,ASPM,COPS9,ALDH7A1,,UQCRFS1,DERL1,HTRA1,,CRYAB,CDK1,INPP5D,,IPO5,FHIT,CCND2,,,CELF2,CITED2,,,ENPP2,ATM,H1-2,ETS2,E2F1,,,DBF4,GMFG,FMO1,CYP26A1,BRAF
XRCC5,ADH1B,ATRX,CORIN,ANKRD9,,UQCRQ,EFCAB14,IFI16,,CXCL14,CDK6,LEP,,KPNA2,FRS3,CCND3,,,CFB,COL15A1,,,EPHX1,BMI1,H1-3,ID1,E2F2,,,EXOSC9,HBG1,G0S2,CYP2C19,CCL3
XRCC6,AFF3,AXL,COX5B,ANP32B,,,EFEMP1,IGFBP3,,CYP1B1,CDKN1A,LRRK2,,MAD2L1,GNAO1,CCNE1,,,CPXM2,CTSZ,,,ERCC5,CABIN1,H1-4,MAPK1,E2F3,,,EZH2,HBG2,HSD17B10,DDIT4,CD44
,AGA,B3GALT2,COX6B1,ANPEP,,,FCGR2A,IGFBP4,,EIF2S2,CDKN2A,MSH2,,MCM2,GRP,CCNE2,,,CREG1,DANCR,,,FAS,CBX2,H1-5,MAPK3,EED,,,FBXO5,HSD17B2,IDI1,ERF,CDC25B
,AHNAK,BAALC,COX7C,APCDD1L,,,FCGR2B,IGFBP5,,ESM1,CDKN2B,MSH6,,MCM3,GTF2E1,CCNG1,,,CRIP1,DENND2B,,,FXYD3,CBX4,H2AB1,MDM2,EZH2,,,FOSL2,IVNS1ABP,IFI27,GADD45A,CDKN1A
,AK1,BGN,CYTOR,APOBEC3G,,,GBP2,IGFBP6,,F3,CGAS,NDUFS6,,MCM4,HMGN1,CCNG2,,,CRIP2,DKK1,,,IVL,CBX6,H2AC14,MDM4,FOS,,,H2AC16,LCAT,IGFALS,GADD45B,CDKN1B
,AK5,BNC2,DEPDC1,AREG,,,GFAP,IGFBP7,,FILIP1L,CHEK1,NR5A1,,MKI67,ID1,CD82,,,CTSK,EFEMP1,,,LPIN1,CBX8,H2AC18,MIR24-1,H2AB1,,,IGFBP5,MMP3,INMT,GADD45G,CDKN2A
,ALDH1A3,BUB1,DTL,ARL6IP6,,,GNS,IRF5,,FN1,CHEK2,POU1F1,,NAP1L1,KCP,CDK1,,,CUL5,EHD3,,,LY6H,CCNA1,H2AC19,MIR24-2,H2AC14,,,IL12RB2,NRG1,INPP5B,H1-2,CEBPB
,ALPK2,BUB1B,EGFR,ARMCX2,,,GPNMB,IRF7,,GSN,CTC1,PRDM2,,NEK2,KIAA0895L,CDK2,,,CXCL1,EIF3CL,,,MATN4,CCNA2,H2AC20,MOV10,H2AC18,,,KIF11,PSTPIP2,KLKB1,KLF3,COL10A1
,ANGPTL2,C1orf21,EIF4EBP1,ARNTL2,,,GSTA1,MAP1LC3B,,GUK1,DNAJA3,RAD54L,,NUSAP1,KPNB1,CDK4,,,DCT,ELOVL5,,,MDM2,CCNE1,H2AC4,RB1,H2AC19,,,KIF20A,RAPGEF4,LASP1,LEPR,COL1A1
,ANKRD13A,C1QTNF2,ELOB,ATAD2,,,H1-2,MAP2K3,,HBS1L,ECRG4,RNF165,,PCNA,KYNU,CDK6,,,DPT,EREG,,,NQO1,CCNE2,H2AC6,RPS27A,H2AC20,,,KIF20B,SIM2,LYZ,MAPKAPK2,COL3A1
,ANO1,C1R,FMO2,ATP1B1,,,HBA1,NDN,,HPS5,EEF1E1,SEC63,,POLE2,LIN54,CDKN1A,,,EGR1,EXT1,,,PHLDA3,CDC16,H2AC7,SP1,H2AC4,,,KIF23,SLC4A4,NOCT,MKNK2,CREG1
,ANO4,C2CD5,GDF5,ATRX,,,HCST,OPTN,,HSPA2,ENG,SERP1,,PPP1CC,LLPH,CDKN2A,,,EIF2B3,FDFT1,,,PITPNC1,CDC23,H2AC8,TFDP1,H2AC6,,,KIF4A,SNCA,OSTC,MYC,CXCL1
,ANPEP,CA12,H4C3,BAALC,,,HLA-G,RB1,,HTATIP2,ERCC1,SLC1A2,,PRC1,MKI67,CHEK1,,,ELN,FKBP11,,,PLTP,CDC26,H2AJ,TFDP2,H2AC7,,,LMNB1,TFAP4,OTC,NCDN,CXCL14
,ANXA1,CACYBP,HELLS,BBS2,,,IL33,SERPINE1,,IFI16,FBXO5,TFCP2L1,,PRIM1,NELFA,CHEK2,,,ELP5,FOXF2,,,PTPRVP,CDC27,H2AX,TNRC6A,H2AC8,,,MAF,TSPAN12,PDZK1,NR1D1,CXCL8
,ANXA2,CASP6,INHBE,BBX,,,JCHAIN,SPARC,,IFNG,FOXM1,TH,,RBL1,NOL9,COP1,,,ENO2,FRMD4A,,,ROBO1,CDK2,H2AZ1,TNRC6B,H2AJ,,,MAP1B,USF2,PHLDA1,PI4K2A,E2F1
,ANXA2P2,CAV1,KIR3DX1,BCL2A1,,,LAPTM5,TGFB1I1,,IGFBP1,FZR1,TP53,,RFC1,PLEKHA7,CYCS,,,FAP,FZD7,,,SAT1,CDK4,H2AZ2,TNRC6C,H2AX,,,MRE11,VAMP8,RDH16,PIM3,FKBP8
,ANXA6,CAVIN1,LINC00973,BDKRB2,,,LGALS3,TP53,,IGFBP2,H2AX,TP63,,RPA3,PLEKHG2,DDB2,,,FBXO32,GSTT1,,,SERPINE2,CDK6,H2BC1,TP53,H2AZ1,,,NEK2,WFDC1,REEP6,RGS16,FN1
,APCDD1,CBX5,LMNB1,BEAN1,,,LITAF,TSPYL5,,IGFBP3,HLA-G,TREX1,,RRM1,PSD,EI24,,,FMOD,HMGA1,,,SLC66A3,CDKN1A,H2BC10,UBA52,H2AZ2,,,NRGN,ZMAT3,RGN,SESN1,GABARAP
,APOBEC3B,CCBE1,LSM7,BEX1,,,LYZ,,,IGFBP4,HMGA1,WRN,,SETDB1,QTRT1,FAS,,,FN1,IGF2R,,,SRXN1,CDKN1B,H2BC11,UBB,H2BC1,,,NUP62,,S100A10,SLC20A1,GABARAPL1
,APOL6,CCDC80,MALAT1,BGN,,,MGST1,,,IGFBP5,HMGA2,ZMPSTE24,,SMC2,RABAC1,GADD45A,,,FNDC1,IGFBP7,,,TAP1,CDKN2A,H2BC12,UBC,H2BC10,,,NUSAP1,,SERPINA12,SLC25A51,GABARAPL2
,AQP3,CCNA2,MCM3,BIRC3,,,MPEG1,,,IGFBP6,HRAS,,,SMC4,SVOP,GADD45B,,,HSPG2,KDELR3,,,TNFRSF18,CDKN2B,H2BC13,,H2BC11,,,OR1E1,,SLC31A1,SNHG6,GSK3B
,ARHGAP1,CCNB1,MCM4,BRD3OS,,,MSN,,,IGFBP7,ICAM1,,,TACC3,TCEA3,GADD45G,,,ISLR,KRT18,,,TOB1,CDKN2C,H2BC14,,H2BC12,,,PBK,,SULT1B1,SUSD6,GSN
,ARHGAP18,CCNB2,MCM5,BRI3BP,,,MT1F,,,IGSF3,ID2,,,TFDP1,TGFB2,GTSE1,,,ITGB5,LUM,,,TP53,CDKN2D,H2BC15,,H2BC13,,,PDP1,,TMEM176A,TIPRL,HMGA1
,ARL4A,CCNE2,MCM6,BTBD11,,,NDRG1,,,ING1,ILK,,,TOP2A,THBS4,IGF1,,,KRT34,MKX,,,ZMAT3,CEBPB,H2BC17,,H2BC14,,,PLK4,,TP53INP2,TNFRSF1B,HRAS
,ARL4C,CDC20,MT1E,BTG3,,,NPC2,,,IRF5,ING2,,,TOPBP1,VPS18,IGFBP3,,,LAMA4,MTREX,,,,CXCL8,H2BC21,,H2BC15,,,PPL,,VNN1,TSR1,IFI16
,ARNT2,CDC25B,MT1F,BTN3A2,,,PCSK6,,,IRF7,KAT6A,,,XPO1,,MDM2,,,LGALS3BP,NAB1,,,,E2F1,H2BC3,,H2BC17,,,PRC1,,XIST,TXNIP,IFNB1
,ARRB1,CDC42BPA,MT1H,BTN3A3,,,PSMD11,,,ISG15,KIR2DL4,,,,,MDM4,,,LHFPL2,NES,,,,E2F2,H2BC4,,H2BC21,,,PTTG1,,ZAP70,ZBTB16,IFNG
,AS3MT,CDC7,MT1X,C11orf54,,,PTGES3,,,MAP1LC3B,KRAS,,,,,PERP,,,LMCD1,PAPSS2,,,,E2F3,H2BC5,,H2BC3,,,PTTG3P,,,ZFP36L2,IGF1
,ASNS,CDCA7,MT2A,C11orf96,,,RASA3,,,MAP2K3,LIMS1,,,,,PIDD1,,,LRATD1,PAX8-AS1,,,,EED,H2BC6,,H2BC4,,,QPCT,,,,IGF1R
,ASS1,CDCA7L,MTHFD2L,C15orf48,,,RNF213,,,MDM2,LMNA,,,,,PMAIP1,,,LRRC15,PDE5A,,,,EHMT1,H2BC7,,H2BC5,,,RACGAP1,,,,IGFBP3
,ATP2B4,CDCA8,NDUFA1,C3,,,S100A4,,,MMP1,MAGEA2,,,,,PPM1D,,,LRRC32,PGM5,,,,EHMT2,H2BC8,,H2BC6,,,SMC4,,,,IGFBP5
,ATP6V0E2,CDH6,NDUFA3,C3orf14,,,S100A6,,,NDN,MAGEA2B,,,,,PTEN,,,LSP1P5,PIANP,,,,EP400,H2BC9,,H2BC7,,,SPAG5,,,,IGFBP7
,ATP8B1,CDKN2A,NDUFB1,C6orf136,,,SERPING1,,,NME2,MAP2K1,,,,,RCHY1,,,LTBP2,POLE4,,,,ERF,H2BS1,,H2BC8,,,TCF4,,,,IL1A
,AXL,CDKN3,NDUFB2,C9orf40,,,SGK1,,,NRG1,MAP3K3,,,,,RPRM,,,MAP1B,PTGS1,,,,ETS1,H2BU1,,H2BC9,,,TFAM,,,,IL1B
,B3GALT2,CENPA,NDUFB4,CA12,,,SPP1,,,OPTN,MAPK14,,,,,RRM2,,,MDFI,RGS10,,,,ETS2,H3-4,,H2BS1,,,TK1,,,,IL24
,BAALC,CENPF,NFIB,CACYBP,,,TMED10,,,PEA15,MAPKAPK5,,,,,RRM2B,,,MMP7,RILPL2,,,,EZH2,H4-16,,H2BU1,,,TOP2A,,,,IL3
,BACE2,CENPH,NIBAN1,CAMK2N2,,,TXNIP,,,RAB13,MARCHF5,,,,,SERPINB5,,,MZT1,RNF150,,,,FOS,H4C1,,H3-3A,,,TPX2,,,,IL6
,BCL7C,CENPK,NNMT,CAMTA1,,,VAT1,,,RAB31,MIF,,,,,SERPINE1,,,NAA10,RPS4Y1,,,,FZR1,H4C11,,H3-3B,,,TREM1,,,,IL6R
,BEND6,CEP57,NPIPB5,CASP8AP2,,,VWF,,,RAB5B,MIR10A,,,,,SESN1,,,NFASC,SLC22A18,,,,H1-0,H4C12,,H3C1,,,TTK,,,,IL6ST
,BGN,CERS6,NSD2,CBR3,,,,,,RABGGTA,MIR146A,,,,,SESN2,,,NNMT,SLC38A11,,,,H1-1,H4C13,,H3C10,,,UBE2C,,,,ING1
,BLVRB,CHAC2,OST4,CBX5,,,,,,RAC1,MIR17,,,,,SESN3,,,PAPPA,SLC38A2,,,,H1-2,H4C14,,H3C11,,,ZFY,,,,ING2
,BMP4,CLDN11,PCLAF,CCDC71L,,,,,,RBL2,MIR188,,,,,SFN,,,PDPN,SLC6A8,,,,H1-3,H4C15,,H3C12,,,,,,,INHBA
,BMPER,CLU,PET100,CCL20,,,,,,RGL2,MIR20B,,,,,SHISA5,,,PER3,SNX9,,,,H1-4,H4C2,,H3C13,,,,,,,INS
,BRIP1,CNTN3,PITX1,CCL3,,,,,,RHOB,MIR21,,,,,SIAH1,,,PLOD2,STC2,,,,H1-5,H4C3,,H3C14,,,,,,,IRF1
,C12orf75,COL3A1,POLR2L,CCNB1IP1,,,,,,RRAS,MIR217,,,,,STEAP3,,,PLPP3,TAPBP,,,,H2AB1,H4C4,,H3C15,,,,,,,IRF5
,C18orf54,CORIN,PTN,CCNE1,,,,,,S100A11,MIR22,,,,,THBS1,,,PTGES,TMTC1,,,,H2AC14,H4C5,,H3C2,,,,,,,IRF7
,C1R,CRYBG1,RAB27A,CCNE2,,,,,,SERPINB2,MIR34A,,,,,TNFRSF10B,,,PTK7,TRIM28,,,,H2AC18,H4C6,,H3C3,,,,,,,JUN
,C1S,CTDSPL2,RAD51D,CD274,,,,,,SERPINE1,MIR543,,,,,TP53,,,SAT1,TRIOBP,,,,H2AC19,H4C8,,H3C4,,,,,,,KMT2A
,C3orf14,CXCL12,RBIS,CD69,,,,,,SMPD1,MIR590,,,,,TP53AIP1,,,SDR42E1,TSHZ1,,,,H2AC20,H4C9,,H3C6,,,,,,,LAMP1
,C7,DCN,RBM39,CD82,,,,,,SMURF2,MME,,,,,TP53I3,,,SELPLG,TSPAN5,,,,H2AC4,HIRA,,H3C7,,,,,,,LAMP2
,CADM1,DDIT4,RIF1,CDC25A,,,,,,SOD1,MNT,,,,,TP73,,,SH3PXD2B,UCHL1,,,,H2AC6,HMGA1,,H3C8,,,,,,,MAP1LC3A
,CAMK2D,DEK,RNASEH2A,CDC42BPA,,,,,,SPARC,MORC3,,,,,TSC2,,,SLC43A3,USP53,,,,H2AC7,HMGA2,,H4-16,,,,,,,MAP1LC3B
,CAMK2N1,DEPDC1,RNF145,CDC6,,,,,,STAT1,MTOR,,,,,ZMAT3,,,SLC7A1,VAMP3,,,,H2AC8,KAT5,,H4C1,,,,,,,MAP1LC3C
,CAND2,DHCR24,ROMO1,CDC7,,,,,,TES,NAMPT,,,,,,,,SLIT3,,,,,H2AJ,LMNB1,,H4C11,,,,,,,MAP2K1
,CAPG,DNAJC9,RPA3,CDCA7,,,,,,TFAP2A,NEK4,,,,,,,,SPECC1,,,,,H2AX,MRE11,,H4C12,,,,,,,MAP2K3
,CAPZB,DOCK10,RPL36A,CDCA7L,,,,,,TGFB1I1,NEK6,,,,,,,,TMEM47,,,,,H2AZ1,NBN,,H4C13,,,,,,,MAPK1
,CARD10,DPF3,RPL36AL,CDK2,,,,,,THBS1,NOX4,,,,,,,,VCAN,,,,,H2AZ2,POT1,,H4C14,,,,,,,MAPK14
,CARHSP1,DPYSL3,RPL38,CDK5RAP2,,,,,,TNFAIP2,NPM1,,,,,,,,VPS26B,,,,,H2BC1,RAD50,,H4C15,,,,,,,MDM2
,CAV1,EGR1,RPS21,CDT1,,,,,,TNFAIP3,NSMCE2,,,,,,,,,,,,,H2BC10,RB1,,H4C2,,,,,,,MIR29B2
,CAV2,EIF4EBP1,RPS28,CEBPZ,,,,,,TP53,NUAK1,,,,,,,,,,,,,H2BC11,TERF1,,H4C3,,,,,,,MIR29C
,CAVIN1,ELOVL2,SBF2-AS1,CEMIP,,,,,,TSPYL5,NUP62,,,,,,,,,,,,,H2BC12,TERF2,,H4C4,,,,,,,MIR3606
,CAVIN3,EXOSC8,SEC62,CENPK,,,,,,VIM,OPA1,,,,,,,,,,,,,H2BC13,TERF2IP,,H4C5,,,,,,,MLST8
,CBS,EZH2,SERPINB8,CENPS,,,,,,,PAWR,,,,,,,,,,,,,H2BC14,TINF2,,H4C6,,,,,,,MMP14
,CCDC80,EZR,SLC7A14,CENPU,,,,,,,PDCD4,,,,,,,,,,,,,H2BC15,TP53,,H4C8,,,,,,,MTOR
,CCN4,FABP5,SNHG6,CENPV,,,,,,,PLA2R1,,,,,,,,,,,,,H2BC17,UBN1,,H4C9,,,,,,,PCNA
,CCNE2,FAM72C,SNORD60,CENPX,,,,,,,PLK2,,,,,,,,,,,,,H2BC21,,,IFNB1,,,,,,,PIK3C3
,CD200,FANCL,SNRPB,CEP19,,,,,,,PML,,,,,,,,,,,,,H2BC3,,,JUN,,,,,,,PLAT
,CD44,FAP,SNRPE,CEP57,,,,,,,PNPT1,,,,,,,,,,,,,H2BC4,,,KDM6B,,,,,,,PLAU
,CD81,FBLN1,SNRPG,CERS6,,,,,,,PRELP,,,,,,,,,,,,,H2BC5,,,MAP2K3,,,,,,,PTEN
,CD9,FBXO11,SOX4,CHI3L1,,,,,,,PRKCD,,,,,,,,,,,,,H2BC6,,,MAP2K4,,,,,,,RAF1
,CD99,FGF1,SULF1,CHST2,,,,,,,PRKDC,,,,,,,,,,,,,H2BC7,,,MAP2K6,,,,,,,RB1
,CDC42EP3,FIGNL1,SYNE2,CISD2,,,,,,,PRMT6,,,,,,,,,,,,,H2BC8,,,MAP2K7,,,,,,,RB1CC1
,CDC42EP5,FOXM1,SYT1,CKLF,,,,,,,PTEN,,,,,,,,,,,,,H2BC9,,,MAP3K5,,,,,,,RNASEL
,CDC7,GAS2L3,THORLNC,CKMT2-AS1,,,,,,,RBL1,,,,,,,,,,,,,H2BS1,,,MAP4K4,,,,,,,RSL1D1
,CDCA7,GASK1B,TMEM171,CLDN5,,,,,,,ROMO1,,,,,,,,,,,,,H2BU1,,,MAPK1,,,,,,,SERPINB2
,CDH6,GINS1,TMEM258,CLGN,,,,,,,RSL1D1,,,,,,,,,,,,,H3-3A,,,MAPK10,,,,,,,SERPINE1
,CDKN2A,GINS2,TMSB15A,CLIP1,,,,,,,RWDD1,,,,,,,,,,,,,H3-3B,,,MAPK11,,,,,,,SH3GLB1
,CEP55,GMNN,TOMM7,CNRIP1,,,,,,,SERPINE1,,,,,,,,,,,,,H3-4,,,MAPK14,,,,,,,SLC39A1
,CHEK1,GMPS,TYMS,COL10A1,,,,,,,SIRT1,,,,,,,,,,,,,H3C1,,,MAPK3,,,,,,,SLC39A2
,CHML,GPC6,UQCC2,COL6A2,,,,,,,SLC30A10,,,,,,,,,,,,,H3C10,,,MAPK8,,,,,,,SLC39A3
,CHN1,GPM6B,UQCR11,COL7A1,,,,,,,SMC5,,,,,,,,,,,,,H3C11,,,MAPK9,,,,,,,SLC39A4
,CLDN11,GTSE1,USP6,COMMD4,,,,,,,SMC6,,,,,,,,,,,,,H3C12,,,MAPKAPK2,,,,,,,SMAD3
,CLEC3B,HAS2,WDR76,CPNE2,,,,,,,SOD1,,,,,,,,,,,,,H3C13,,,MAPKAPK3,,,,,,,SMAD4
,CLIP3,HAUS1,ZFAS1,CRIP1,,,,,,,SRF,,,,,,,,,,,,,H3C14,,,MAPKAPK5,,,,,,,SPARC
,CLU,HELLS,ZNF367,CSF2,,,,,,,TBX2,,,,,,,,,,,,,H3C15,,,MDM2,,,,,,,SQSTM1
,CMBL,HERC4,ZNF827,CSF3,,,,,,,TBX3,,,,,,,,,,,,,H3C2,,,MDM4,,,,,,,SRC
,CNKSR3,HMMR,ZYX,CST1,,,,,,,TERC,,,,,,,,,,,,,H3C3,,,MINK1,,,,,,,TGFB1
,CNN1,HPRT1,,CST2,,,,,,,TERF2,,,,,,,,,,,,,H3C4,,,MIR24-1,,,,,,,THBS1
,CNN2,IDH2,,CST4,,,,,,,TERT,,,,,,,,,,,,,H3C6,,,MIR24-2,,,,,,,TNFSF15
,CNN3,IFI16,,CSTF3,,,,,,,TP53,,,,,,,,,,,,,H3C7,,,MOV10,,,,,,,TP53
,CNTN3,IGFBP3,,CTDSPL2,,,,,,,TP63,,,,,,,,,,,,,H3C8,,,PHC1,,,,,,,ULK1
,CNTNAP1,IMPA2,,CTH,,,,,,,TWIST1,,,,,,,,,,,,,H4-16,,,PHC2,,,,,,,UVRAG
,COL15A1,IQGAP3,,CTSS,,,,,,,ULK3,,,,,,,,,,,,,H4C1,,,PHC3,,,,,,,VTN
,COL1A1,ITGB3BP,,CU633967.1,,,,,,,VASH1,,,,,,,,,,,,,H4C11,,,RBBP4,,,,,,,
,COL1A2,JADE1,,CXCL1,,,,,,,WNT1,,,,,,,,,,,,,H4C12,,,RBBP7,,,,,,,
,COL3A1,JAM2,,CXCL10,,,,,,,WNT16,,,,,,,,,,,,,H4C13,,,RING1,,,,,,,
,COL5A1,KCNK2,,CXCL11,,,,,,,WRN,,,,,,,,,,,,,H4C14,,,RNF2,,,,,,,
,COL5A2,KCNMA1,,CXCL2,,,,,,,YBX1,,,,,,,,,,,,,H4C15,,,RPS27A,,,,,,,
,COL6A1,KCNN2,,CXCL3,,,,,,,YPEL3,,,,,,,,,,,,,H4C2,,,SCMH1,,,,,,,
,COL6A2,KIF14,,CXCL5,,,,,,,ZKSCAN3,,,,,,,,,,,,,H4C3,,,SUZ12,,,,,,,
,COPZ2,KIF20A,,CXCL6,,,,,,,ZMIZ1,,,,,,,,,,,,,H4C4,,,TFDP1,,,,,,,
,CORIN,KIF4A,,CYB5A,,,,,,,ZMPSTE24,,,,,,,,,,,,,H4C5,,,TFDP2,,,,,,,
,CORO1C,KNL1,,CYB5R2,,,,,,,ZNF277,,,,,,,,,,,,,H4C6,,,TNIK,,,,,,,
,COTL1,LDB2,,CYBRD1,,,,,,,,,,,,,,,,,,,,H4C8,,,TNRC6A,,,,,,,
,CPE,LIN7A,,CYGB,,,,,,,,,,,,,,,,,,,,H4C9,,,TNRC6B,,,,,,,
,CPM,LMNA,,CYP26B1,,,,,,,,,,,,,,,,,,,,HIRA,,,TNRC6C,,,,,,,
,CREB3L1,LRRC15,,CYP3A5,,,,,,,,,,,,,,,,,,,,HMGA1,,,TP53,,,,,,,
,CROT,LRRC17,,CYP3A7,,,,,,,,,,,,,,,,,,,,HMGA2,,,TXN,,,,,,,
,CTHRC1,LSAMP,,DCBLD1,,,,,,,,,,,,,,,,,,,,ID1,,,UBA52,,,,,,,
,CTSH,LSM2,,DCK,,,,,,,,,,,,,,,,,,,,IFNB1,,,UBB,,,,,,,
,CXCL12,LTBP2,,DDB2,,,,,,,,,,,,,,,,,,,,IGFBP7,,,UBC,,,,,,,
,CXXC5,LUM,,DDIT4,,,,,,,,,,,,,,,,,,,,IL1A,,,,,,,,,,
,CYB5A,LXN,,DDX24,,,,,,,,,,,,,,,,,,,,IL6,,,,,,,,,,
,CYTOR,MAGI2-AS3,,DDX60,,,,,,,,,,,,,,,,,,,,JUN,,,,,,,,,,
,DAB2,MARCKS,,DEK,,,,,,,,,,,,,,,,,,,,KAT5,,,,,,,,,,
,DCN,MATN2,,DERA,,,,,,,,,,,,,,,,,,,,KDM6B,,,,,,,,,,
,DCTN3,MCM2,,DGAT2,,,,,,,,,,,,,,,,,,,,LMNB1,,,,,,,,,,
,DDX60,MCM3,,DHFR,,,,,,,,,,,,,,,,,,,,MAP2K3,,,,,,,,,,
,DEFB106A,MCM4,,DIO2,,,,,,,,,,,,,,,,,,,,MAP2K4,,,,,,,,,,
,DENND1B,MCM6,,DIP2C,,,,,,,,,,,,,,,,,,,,MAP2K6,,,,,,,,,,
,DEPP1,MCM7,,DIRAS3,,,,,,,,,,,,,,,,,,,,MAP2K7,,,,,,,,,,
,DHCR24,MEIS2,,DNAJC1,,,,,,,,,,,,,,,,,,,,MAP3K5,,,,,,,,,,
,DHRS3,MEST,,DNAJC18,,,,,,,,,,,,,,,,,,,,MAP4K4,,,,,,,,,,
,DIAPH3,MGARP,,DNM1,,,,,,,,,,,,,,,,,,,,MAPK1,,,,,,,,,,
,DIPK1A,MSH2,,DONSON,,,,,,,,,,,,,,,,,,,,MAPK10,,,,,,,,,,
,DOCK10,MSH6,,DPYSL3,,,,,,,,,,,,,,,,,,,,MAPK11,,,,,,,,,,
,DOK5,MYLK,,DSN1,,,,,,,,,,,,,,,,,,,,MAPK14,,,,,,,,,,
,DPF3,NASP,,DTL,,,,,,,,,,,,,,,,,,,,MAPK3,,,,,,,,,,
,DPYSL3,NAV2,,DTX3L,,,,,,,,,,,,,,,,,,,,MAPK7,,,,,,,,,,
,DTX3L,NCAPG2,,DUSP5,,,,,,,,,,,,,,,,,,,,MAPK8,,,,,,,,,,
,DUBR,NEK2,,DUT,,,,,,,,,,,,,,,,,,,,MAPK9,,,,,,,,,,
,ECM1,NFXL1,,DYNC1H1,,,,,,,,,,,,,,,,,,,,MAPKAPK2,,,,,,,,,,
,EFEMP2,NFYB,,EDNRA,,,,,,,,,,,,,,,,,,,,MAPKAPK3,,,,,,,,,,
,EHD1,NIBAN1,,EFS,,,,,,,,,,,,,,,,,,,,MAPKAPK5,,,,,,,,,,
,EHD2,NLRP1,,EGR3,,,,,,,,,,,,,,,,,,,,MDM2,,,,,,,,,,
,EIF4EBP1,NMI,,EHF,,,,,,,,,,,,,,,,,,,,MDM4,,,,,,,,,,
,ELOVL2,NR2F2,,EIF4EBP1,,,,,,,,,,,,,,,,,,,,MINK1,,,,,,,,,,
,ELOVL2-AS1,NREP,,EMP1,,,,,,,,,,,,,,,,,,,,MIR24-1,,,,,,,,,,
,EMP3,NRGN,,EMP2,,,,,,,,,,,,,,,,,,,,MIR24-2,,,,,,,,,,
,EPB41L2,NRP1,,ENC1,,,,,,,,,,,,,,,,,,,,MOV10,,,,,,,,,,
,EPG5,NRXN3,,ENO2,,,,,,,,,,,,,,,,,,,,MRE11,,,,,,,,,,
,EPHA4,NSD2,,ENOSF1,,,,,,,,,,,,,,,,,,,,NBN,,,,,,,,,,
,EPHB2,NUPR1,,ERAP2,,,,,,,,,,,,,,,,,,,,NFKB1,,,,,,,,,,
,ERRFI1,NUSAP1,,ERCC1,,,,,,,,,,,,,,,,,,,,PHC1,,,,,,,,,,
,EVA1A,OLFML3,,ERGIC1,,,,,,,,,,,,,,,,,,,,PHC2,,,,,,,,,,
,EVL,OXTR,,ESM1,,,,,,,,,,,,,,,,,,,,PHC3,,,,,,,,,,
,EXOG,PCDH7,,EXOSC8,,,,,,,,,,,,,,,,,,,,POT1,,,,,,,,,,
,F2RL1,PCK2,,EZH2,,,,,,,,,,,,,,,,,,,,RAD50,,,,,,,,,,
,FAM171B,PCLAF,,FADS1,,,,,,,,,,,,,,,,,,,,RB1,,,,,,,,,,
,FAP,PCOLCE,,FAF2,,,,,,,,,,,,,,,,,,,,RBBP4,,,,,,,,,,
,FARP1,PDGFD,,FAH,,,,,,,,,,,,,,,,,,,,RBBP7,,,,,,,,,,
,FBLN1,PEAR1,,FAM114A1,,,,,,,,,,,,,,,,,,,,RELA,,,,,,,,,,
,FBN1,PGAP1,,FANCG,,,,,,,,,,,,,,,,,,,,RING1,,,,,,,,,,
,FBN2,PHGDH,,FANCI,,,,,,,,,,,,,,,,,,,,RNF2,,,,,,,,,,
,FCRL5,PLPP3,,FANCL,,,,,,,,,,,,,,,,,,,,RPS27A,,,,,,,,,,
,FGD6,POLE2,,FBL,,,,,,,,,,,,,,,,,,,,RPS6KA1,,,,,,,,,,
,FHL2,POSTN,,FBXL21P,,,,,,,,,,,,,,,,,,,,RPS6KA2,,,,,,,,,,
,FHOD3,PPIG,,FBXO11,,,,,,,,,,,,,,,,,,,,RPS6KA3,,,,,,,,,,
,FKBP9,PRICKLE1,,FBXO21,,,,,,,,,,,,,,,,,,,,SCMH1,,,,,,,,,,
,FLNA,PRIM1,,FBXO45,,,,,,,,,,,,,,,,,,,,SP1,,,,,,,,,,
,FLOT1,PRSS12,,FEN1,,,,,,,,,,,,,,,,,,,,STAT3,,,,,,,,,,
,FMO3,PSAT1,,FERMT1,,,,,,,,,,,,,,,,,,,,SUZ12,,,,,,,,,,
,FN1,PSG5,,FEZ1,,,,,,,,,,,,,,,,,,,,TERF1,,,,,,,,,,
,FOXC2,PSIP1,,FGD5-AS1,,,,,,,,,,,,,,,,,,,,TERF2,,,,,,,,,,
,FOXD1,PSPH,,FKBP11,,,,,,,,,,,,,,,,,,,,TERF2IP,,,,,,,,,,
,FOXL1,PTN,,FLT1,,,,,,,,,,,,,,,,,,,,TFDP1,,,,,,,,,,
,FRMD5,PTX3,,FMC1,,,,,,,,,,,,,,,,,,,,TFDP2,,,,,,,,,,
,FRY,PYGL,,FOXQ1,,,,,,,,,,,,,,,,,,,,TINF2,,,,,,,,,,
,FRZB,RAD51AP1,,FRMD4A,,,,,,,,,,,,,,,,,,,,TNIK,,,,,,,,,,
,FZD2,RALGPS2,,FUT8,,,,,,,,,,,,,,,,,,,,TNRC6A,,,,,,,,,,
,G6PD,RARRES1,,FZD1,,,,,,,,,,,,,,,,,,,,TNRC6B,,,,,,,,,,
,GALNT10,RBBP8,,G0S2,,,,,,,,,,,,,,,,,,,,TNRC6C,,,,,,,,,,
,GALNT15,RBMS3,,GABRB1,,,,,,,,,,,,,,,,,,,,TP53,,,,,,,,,,
,GALNT5,RBP1,,GAL,,,,,,,,,,,,,,,,,,,,TXN,,,,,,,,,,
,GARS1,RFC4,,GALNT6,,,,,,,,,,,,,,,,,,,,UBA52,,,,,,,,,,
,GAS6,RGS4,,GBP3,,,,,,,,,,,,,,,,,,,,UBB,,,,,,,,,,
,GASK1B,RIF1,,GCH1,,,,,,,,,,,,,,,,,,,,UBC,,,,,,,,,,
,GATA6,RNASEH2A,,GCLM,,,,,,,,,,,,,,,,,,,,UBE2C,,,,,,,,,,
,GBP1,RNF138,,GDNF,,,,,,,,,,,,,,,,,,,,UBE2D1,,,,,,,,,,
,GBP2,RPA3,,GEM,,,,,,,,,,,,,,,,,,,,UBE2E1,,,,,,,,,,
,GDF5,RUNX1T1,,GFPT2,,,,,,,,,,,,,,,,,,,,UBE2S,,,,,,,,,,
,GMDS,S1PR3,,GINS1,,,,,,,,,,,,,,,,,,,,UBN1,,,,,,,,,,
,GNAI2,SCARA3,,GINS2,,,,,,,,,,,,,,,,,,,,VENTX,,,,,,,,,,
,GPC1,SCD,,GJB2,,,,,,,,,,,,,,,,,,,,,,,,,,,,,,
,GPC6,SCUBE3,,GJC1,,,,,,,,,,,,,,,,,,,,,,,,,,,,,,
,GPRC5A,SGO2,,GK,,,,,,,,,,,,,,,,,,,,,,,,,,,,,,
,GPRC5B,SHMT2,,GLCCI1,,,,,,,,,,,,,,,,,,,,,,,,,,,,,,
,GPX4,SLC14A1,,GLIS3,,,,,,,,,,,,,,,,,,,,,,,,,,,,,,
,GSN,SLC1A4,,GLUL,,,,,,,,,,,,,,,,,,,,,,,,,,,,,,
,GSTM1,SLFN11,,GMNN,,,,,,,,,,,,,,,,,,,,,,,,,,,,,,
,HACD4,SLIT2,,GMPS,,,,,,,,,,,,,,,,,,,,,,,,,,,,,,
,HBD,SMARCC1,,GNB1,,,,,,,,,,,,,,,,,,,,,,,,,,,,,,
,HCFC1R1,SMC2,,GNG2,,,,,,,,,,,,,,,,,,,,,,,,,,,,,,
,HEATR9,SMC3,,GON7,,,,,,,,,,,,,,,,,,,,,,,,,,,,,,
,HEG1,SMC4,,GPD2,,,,,,,,,,,,,,,,,,,,,,,,,,,,,,
,HELLS,SPIN4,,GSAP,,,,,,,,,,,,,,,,,,,,,,,,,,,,,,
,HHEX,SSRP1,,GTPBP10,,,,,,,,,,,,,,,,,,,,,,,,,,,,,,
,HIC1,STMN3,,GUSB,,,,,,,,,,,,,,,,,,,,,,,,,,,,,,
,HIVEP3,STXBP6,,GXYLT1,,,,,,,,,,,,,,,,,,,,,,,,,,,,,,
,HMGA1,SULF1,,HACD3,,,,,,,,,,,,,,,,,,,,,,,,,,,,,,
,HOXB-AS3,SUPT16H,,HADH,,,,,,,,,,,,,,,,,,,,,,,,,,,,,,
,HOXB5,SYNE3,,HAS2,,,,,,,,,,,,,,,,,,,,,,,,,,,,,,
,HPGD,TBL1XR1,,HAT1,,,,,,,,,,,,,,,,,,,,,,,,,,,,,,
,HSPB1,THSD4,,HAUS1,,,,,,,,,,,,,,,,,,,,,,,,,,,,,,
,HSPB6,TICAM2,,HAUS2,,,,,,,,,,,,,,,,,,,,,,,,,,,,,,
,ICA1,TIFA,,HDGFL3,,,,,,,,,,,,,,,,,,,,,,,,,,,,,,
,IDH2,TIMELESS,,HELLS,,,,,,,,,,,,,,,,,,,,,,,,,,,,,,
,IFI16,TMEM106C,,HEY1,,,,,,,,,,,,,,,,,,,,,,,,,,,,,,
,IFIT2,TMEM97,,HIP1,,,,,,,,,,,,,,,,,,,,,,,,,,,,,,
,IFITM2,TMPO,,HIPK2,,,,,,,,,,,,,,,,,,,,,,,,,,,,,,
,IFITM3,TMSB15A,,HLA-B,,,,,,,,,,,,,,,,,,,,,,,,,,,,,,
,IGFBP6,TNFAIP8,,HMGA2,,,,,,,,,,,,,,,,,,,,,,,,,,,,,,
,IL17RD,TNFSF4,,HMGN2,,,,,,,,,,,,,,,,,,,,,,,,,,,,,,
,IL32,TOP2A,,HMGN2P46,,,,,,,,,,,,,,,,,,,,,,,,,,,,,,
,INHBE,TOX,,HPRT1,,,,,,,,,,,,,,,,,,,,,,,,,,,,,,
,IRAG1,TPR,,HPSE,,,,,,,,,,,,,,,,,,,,,,,,,,,,,,
,ITGA4,TPX2,,HSPA4L,,,,,,,,,,,,,,,,,,,,,,,,,,,,,,
,ITGA5,TRAM2,,HSPB11,,,,,,,,,,,,,,,,,,,,,,,,,,,,,,
,ITGA6,TSPAN5,,IDH2,,,,,,,,,,,,,,,,,,,,,,,,,,,,,,
,ITGBL1,TTC3,,IFI6,,,,,,,,,,,,,,,,,,,,,,,,,,,,,,
,JADE1,TTK,,IFIT3,,,,,,,,,,,,,,,,,,,,,,,,,,,,,,
,JAZF1,UBR7,,IFITM1,,,,,,,,,,,,,,,,,,,,,,,,,,,,,,
,JDP2,UHRF1,,IFNGR2,,,,,,,,,,,,,,,,,,,,,,,,,,,,,,
,JPT1,USP1,,IFT80,,,,,,,,,,,,,,,,,,,,,,,,,,,,,,
,KCNH2,VAT1L,,IGF2,,,,,,,,,,,,,,,,,,,,,,,,,,,,,,
,KCNMA1,WASHC3,,IGFBP3,,,,,,,,,,,,,,,,,,,,,,,,,,,,,,
,KCNMB2,ZFHX4-AS1,,IGFBP5,,,,,,,,,,,,,,,,,,,,,,,,,,,,,,
,KCNN2,ZNF22,,IL11,,,,,,,,,,,,,,,,,,,,,,,,,,,,,,
,KCTD16,,,IL1A,,,,,,,,,,,,,,,,,,,,,,,,,,,,,,
,KDM1B,,,IL24,,,,,,,,,,,,,,,,,,,,,,,,,,,,,,
,KIAA0930,,,IL27RA,,,,,,,,,,,,,,,,,,,,,,,,,,,,,,
,KIF11,,,IL33,,,,,,,,,,,,,,,,,,,,,,,,,,,,,,
,KLF7,,,IL37,,,,,,,,,,,,,,,,,,,,,,,,,,,,,,
,KRTAP1-5,,,IL6,,,,,,,,,,,,,,,,,,,,,,,,,,,,,,
,KRTAP2-3,,,IL6ST,,,,,,,,,,,,,,,,,,,,,,,,,,,,,,
,LACTB,,,ING2,,,,,,,,,,,,,,,,,,,,,,,,,,,,,,
,LAMA4,,,INHBA,,,,,,,,,,,,,,,,,,,,,,,,,,,,,,
,LARP6,,,IRF9,,,,,,,,,,,,,,,,,,,,,,,,,,,,,,
,LBH,,,ISG15,,,,,,,,,,,,,,,,,,,,,,,,,,,,,,
,LHFPL6,,,ISG20,,,,,,,,,,,,,,,,,,,,,,,,,,,,,,
,LIMD1,,,ITGBL1,,,,,,,,,,,,,,,,,,,,,,,,,,,,,,
,LIMS2,,,ITPRIPL2,,,,,,,,,,,,,,,,,,,,,,,,,,,,,,
,LIN7A,,,IVNS1ABP,,,,,,,,,,,,,,,,,,,,,,,,,,,,,,
,LINC02861,,,JAM2,,,,,,,,,,,,,,,,,,,,,,,,,,,,,,
,LIPA,,,JARID2,,,,,,,,,,,,,,,,,,,,,,,,,,,,,,
,LMNA,,,JDP2,,,,,,,,,,,,,,,,,,,,,,,,,,,,,,
,LMO7,,,JUN,,,,,,,,,,,,,,,,,,,,,,,,,,,,,,
,LMOD1,,,KANK2,,,,,,,,,,,,,,,,,,,,,,,,,,,,,,
,LOX,,,KCNG1,,,,,,,,,,,,,,,,,,,,,,,,,,,,,,
,LOXL1,,,KCTD12,,,,,,,,,,,,,,,,,,,,,,,,,,,,,,
,LOXL1-AS1,,,KIAA1841,,,,,,,,,,,,,,,,,,,,,,,,,,,,,,
,LOXL2,,,KLHL7,,,,,,,,,,,,,,,,,,,,,,,,,,,,,,
,LOXL4,,,KPNB1,,,,,,,,,,,,,,,,,,,,,,,,,,,,,,
,LPP,,,KRAS,,,,,,,,,,,,,,,,,,,,,,,,,,,,,,
,LRRC17,,,KYAT3,,,,,,,,,,,,,,,,,,,,,,,,,,,,,,
,LTBP2,,,LANCL1,,,,,,,,,,,,,,,,,,,,,,,,,,,,,,
,LXN,,,LAPTM5,,,,,,,,,,,,,,,,,,,,,,,,,,,,,,
,LY6E,,,LDB2,,,,,,,,,,,,,,,,,,,,,,,,,,,,,,
,MAB21L2,,,LGALS3BP,,,,,,,,,,,,,,,,,,,,,,,,,,,,,,
,MACROH2A1,,,LIF,,,,,,,,,,,,,,,,,,,,,,,,,,,,,,
,MAGI2-AS3,,,LINC00342,,,,,,,,,,,,,,,,,,,,,,,,,,,,,,
,MAMLD1,,,LMNB1,,,,,,,,,,,,,,,,,,,,,,,,,,,,,,
,MAN1C1,,,LPP,,,,,,,,,,,,,,,,,,,,,,,,,,,,,,
,MAP1A,,,LRFN5,,,,,,,,,,,,,,,,,,,,,,,,,,,,,,
,MAP1B,,,LRIG1,,,,,,,,,,,,,,,,,,,,,,,,,,,,,,
,MAP3K7CL,,,LRP11,,,,,,,,,,,,,,,,,,,,,,,,,,,,,,
,MATN2,,,LRRC15,,,,,,,,,,,,,,,,,,,,,,,,,,,,,,
,MCM4,,,LSP1P5,,,,,,,,,,,,,,,,,,,,,,,,,,,,,,
,MCM5,,,LUZP1,,,,,,,,,,,,,,,,,,,,,,,,,,,,,,
,MCM6,,,MACROH2A1,,,,,,,,,,,,,,,,,,,,,,,,,,,,,,
,MCUB,,,MAGEF1,,,,,,,,,,,,,,,,,,,,,,,,,,,,,,
,MDK,,,MALAT1,,,,,,,,,,,,,,,,,,,,,,,,,,,,,,
,MECOM,,,MAP4,,,,,,,,,,,,,,,,,,,,,,,,,,,,,,
,MELK,,,MAST2,,,,,,,,,,,,,,,,,,,,,,,,,,,,,,
,MEST,,,MBD4,,,,,,,,,,,,,,,,,,,,,,,,,,,,,,
,METTL7A,,,MCM2,,,,,,,,,,,,,,,,,,,,,,,,,,,,,,
,MFAP4,,,MCM3,,,,,,,,,,,,,,,,,,,,,,,,,,,,,,
,MFGE8,,,MCM4,,,,,,,,,,,,,,,,,,,,,,,,,,,,,,
,MGARP,,,MCM5,,,,,,,,,,,,,,,,,,,,,,,,,,,,,,
,MINDY2,,,MCM6,,,,,,,,,,,,,,,,,,,,,,,,,,,,,,
,MIR155HG,,,MCM7,,,,,,,,,,,,,,,,,,,,,,,,,,,,,,
,MMP24OS,,,MCMBP,,,,,,,,,,,,,,,,,,,,,,,,,,,,,,
,MN1,,,MCUB,,,,,,,,,,,,,,,,,,,,,,,,,,,,,,
,MOXD1,,,MCUR1,,,,,,,,,,,,,,,,,,,,,,,,,,,,,,
,MPRIP,,,MEA1,,,,,,,,,,,,,,,,,,,,,,,,,,,,,,
,MRGPRF,,,MEDAG,,,,,,,,,,,,,,,,,,,,,,,,,,,,,,
,MSRB3,,,MELK,,,,,,,,,,,,,,,,,,,,,,,,,,,,,,
,MTCL1,,,MIB1,,,,,,,,,,,,,,,,,,,,,,,,,,,,,,
,MTHFD2,,,MLH1,,,,,,,,,,,,,,,,,,,,,,,,,,,,,,
,MTSS1,,,MLLT6,,,,,,,,,,,,,,,,,,,,,,,,,,,,,,
,MTUS1,,,MLPH,,,,,,,,,,,,,,,,,,,,,,,,,,,,,,
,MVP,,,MMD,,,,,,,,,,,,,,,,,,,,,,,,,,,,,,
,MYH9,,,MMP10,,,,,,,,,,,,,,,,,,,,,,,,,,,,,,
,MYL9,,,MMP12,,,,,,,,,,,,,,,,,,,,,,,,,,,,,,
,MYLK,,,MMP9,,,,,,,,,,,,,,,,,,,,,,,,,,,,,,
,MYOF,,,MRI1,,,,,,,,,,,,,,,,,,,,,,,,,,,,,,
,NALCN,,,MRPS6,,,,,,,,,,,,,,,,,,,,,,,,,,,,,,
,NAV2,,,MSH2,,,,,,,,,,,,,,,,,,,,,,,,,,,,,,
,NAV3,,,MSH6,,,,,,,,,,,,,,,,,,,,,,,,,,,,,,
,NES,,,MTHFD1,,,,,,,,,,,,,,,,,,,,,,,,,,,,,,
,NFE2L3,,,MTR,,,,,,,,,,,,,,,,,,,,,,,,,,,,,,
,NFIX,,,MXRA5,,,,,,,,,,,,,,,,,,,,,,,,,,,,,,
,NIBAN1,,,MYH10,,,,,,,,,,,,,,,,,,,,,,,,,,,,,,
,NIPAL3,,,NAMPT,,,,,,,,,,,,,,,,,,,,,,,,,,,,,,
,NIPSNAP3A,,,NAP1L1,,,,,,,,,,,,,,,,,,,,,,,,,,,,,,
,NLRP1,,,NASP,,,,,,,,,,,,,,,,,,,,,,,,,,,,,,
,NMI,,,NAV1,,,,,,,,,,,,,,,,,,,,,,,,,,,,,,
,NMT2,,,NCAPG2,,,,,,,,,,,,,,,,,,,,,,,,,,,,,,
,NNMT,,,NET1,,,,,,,,,,,,,,,,,,,,,,,,,,,,,,
,NOTCH2,,,NETO2,,,,,,,,,,,,,,,,,,,,,,,,,,,,,,
,NPTX1,,,NFKBIZ,,,,,,,,,,,,,,,,,,,,,,,,,,,,,,
,NR2F2,,,NIBAN1,,,,,,,,,,,,,,,,,,,,,,,,,,,,,,
,NR3C2,,,NLRP1,,,,,,,,,,,,,,,,,,,,,,,,,,,,,,
,NREP,,,NME7,,,,,,,,,,,,,,,,,,,,,,,,,,,,,,
,NRP1,,,NOL4L,,,,,,,,,,,,,,,,,,,,,,,,,,,,,,
,NRXN3,,,NQO2,,,,,,,,,,,,,,,,,,,,,,,,,,,,,,
,NT5DC2,,,NR2F1-AS1,,,,,,,,,,,,,,,,,,,,,,,,,,,,,,
,NTN4,,,NRG1,,,,,,,,,,,,,,,,,,,,,,,,,,,,,,
,NUDT7,,,NRGN,,,,,,,,,,,,,,,,,,,,,,,,,,,,,,
,NUF2,,,NSD3,,,,,,,,,,,,,,,,,,,,,,,,,,,,,,
,NUPR1,,,NSMCE4A,,,,,,,,,,,,,,,,,,,,,,,,,,,,,,
,NXN,,,NUCB2,,,,,,,,,,,,,,,,,,,,,,,,,,,,,,
,OLFML2A,,,NUCKS1,,,,,,,,,,,,,,,,,,,,,,,,,,,,,,
,OLFML3,,,NUDT21,,,,,,,,,,,,,,,,,,,,,,,,,,,,,,
,OLR1,,,NUP85,,,,,,,,,,,,,,,,,,,,,,,,,,,,,,
,OPN3,,,NUSAP1,,,,,,,,,,,,,,,,,,,,,,,,,,,,,,
,OPTN,,,ODC1,,,,,,,,,,,,,,,,,,,,,,,,,,,,,,
,OSBPL1A,,,OSBPL8,,,,,,,,,,,,,,,,,,,,,,,,,,,,,,
,OSBPL3,,,OSMR,,,,,,,,,,,,,,,,,,,,,,,,,,,,,,
,OXTR,,,OXCT1,,,,,,,,,,,,,,,,,,,,,,,,,,,,,,
,PAK1,,,OXR1,,,,,,,,,,,,,,,,,,,,,,,,,,,,,,
,PALLD,,,PAICS,,,,,,,,,,,,,,,,,,,,,,,,,,,,,,
,PARP9,,,PAQR5,,,,,,,,,,,,,,,,,,,,,,,,,,,,,,
,PBOV1,,,PAWR,,,,,,,,,,,,,,,,,,,,,,,,,,,,,,
,PCK2,,,PAXIP1-AS1,,,,,,,,,,,,,,,,,,,,,,,,,,,,,,
,PCLAF,,,PCLAF,,,,,,,,,,,,,,,,,,,,,,,,,,,,,,
,PCOLCE,,,PCNA,,,,,,,,,,,,,,,,,,,,,,,,,,,,,,
,PDE5A,,,PCOLCE,,,,,,,,,,,,,,,,,,,,,,,,,,,,,,
,PDGFD,,,PDLIM3,,,,,,,,,,,,,,,,,,,,,,,,,,,,,,
,PDGFRL,,,PDP1,,,,,,,,,,,,,,,,,,,,,,,,,,,,,,
,PDLIM1,,,PDZK1,,,,,,,,,,,,,,,,,,,,,,,,,,,,,,
,PDLIM7,,,PELI1,,,,,,,,,,,,,,,,,,,,,,,,,,,,,,
,PEA15,,,PHF19,,,,,,,,,,,,,,,,,,,,,,,,,,,,,,
,PEAR1,,,PHGDH,,,,,,,,,,,,,,,,,,,,,,,,,,,,,,
,PHGDH,,,PI3,,,,,,,,,,,,,,,,,,,,,,,,,,,,,,
,PIK3R2,,,PI4K2B,,,,,,,,,,,,,,,,,,,,,,,,,,,,,,
,PIK3R3,,,PIDD1,,,,,,,,,,,,,,,,,,,,,,,,,,,,,,
,PKIB,,,PITPNC1,,,,,,,,,,,,,,,,,,,,,,,,,,,,,,
,PKM,,,PLAGL1,,,,,,,,,,,,,,,,,,,,,,,,,,,,,,
,PLEKHG4,,,PLEK2,,,,,,,,,,,,,,,,,,,,,,,,,,,,,,
,PLIN3,,,PLSCR1,,,,,,,,,,,,,,,,,,,,,,,,,,,,,,
,PLPPR4,,,PLTP,,,,,,,,,,,,,,,,,,,,,,,,,,,,,,
,PMP22,,,PMS1,,,,,,,,,,,,,,,,,,,,,,,,,,,,,,
,POGLUT3,,,POGLUT3,,,,,,,,,,,,,,,,,,,,,,,,,,,,,,
,POLE2,,,POLD3,,,,,,,,,,,,,,,,,,,,,,,,,,,,,,
,POSTN,,,POSTN,,,,,,,,,,,,,,,,,,,,,,,,,,,,,,
,PPARG,,,POU2F2,,,,,,,,,,,,,,,,,,,,,,,,,,,,,,
,PPM1M,,,PPBP,,,,,,,,,,,,,,,,,,,,,,,,,,,,,,
,PRAG1,,,PPIL3,,,,,,,,,,,,,,,,,,,,,,,,,,,,,,
,PRDX6,,,PREX1,,,,,,,,,,,,,,,,,,,,,,,,,,,,,,
,PRICKLE1,,,PRIM1,,,,,,,,,,,,,,,,,,,,,,,,,,,,,,
,PRIM1,,,PRKD3,,,,,,,,,,,,,,,,,,,,,,,,,,,,,,
,PRIM2,,,PRKDC,,,,,,,,,,,,,,,,,,,,,,,,,,,,,,
,PRKAG2,,,PRPS2,,,,,,,,,,,,,,,,,,,,,,,,,,,,,,
,PRPS1,,,PRR11,,,,,,,,,,,,,,,,,,,,,,,,,,,,,,
,PRSS12,,,PRRC2C,,,,,,,,,,,,,,,,,,,,,,,,,,,,,,
,PRSS23,,,PRRT2,,,,,,,,,,,,,,,,,,,,,,,,,,,,,,
,PRSS35,,,PRRX1,,,,,,,,,,,,,,,,,,,,,,,,,,,,,,
,PSAT1,,,PRSS3,,,,,,,,,,,,,,,,,,,,,,,,,,,,,,
,PSG1,,,PRSS3P2,,,,,,,,,,,,,,,,,,,,,,,,,,,,,,
,PSG4,,,PRTFDC1,,,,,,,,,,,,,,,,,,,,,,,,,,,,,,
,PSG5,,,PRXL2A,,,,,,,,,,,,,,,,,,,,,,,,,,,,,,
,PSMB9,,,PSIP1,,,,,,,,,,,,,,,,,,,,,,,,,,,,,,
,PSPH,,,PSMB8,,,,,,,,,,,,,,,,,,,,,,,,,,,,,,
,PTCH1,,,PSMC3IP,,,,,,,,,,,,,,,,,,,,,,,,,,,,,,
,PTGER2,,,PSME2,,,,,,,,,,,,,,,,,,,,,,,,,,,,,,
,PTGIS,,,PTGS2,,,,,,,,,,,,,,,,,,,,,,,,,,,,,,
,PTN,,,PTMA,,,,,,,,,,,,,,,,,,,,,,,,,,,,,,
,PTX3,,,PTN,,,,,,,,,,,,,,,,,,,,,,,,,,,,,,
,PXK,,,PTP4A2,,,,,,,,,,,,,,,,,,,,,,,,,,,,,,
,PXN,,,PTX3,,,,,,,,,,,,,,,,,,,,,,,,,,,,,,
,QPRT,,,QPCT,,,,,,,,,,,,,,,,,,,,,,,,,,,,,,
,RAB3B,,,RAB27A,,,,,,,,,,,,,,,,,,,,,,,,,,,,,,
,RAB40B,,,RAB27B,,,,,,,,,,,,,,,,,,,,,,,,,,,,,,
,RABGAP1L,,,RAB31,,,,,,,,,,,,,,,,,,,,,,,,,,,,,,
,RAD51AP1,,,RAB38,,,,,,,,,,,,,,,,,,,,,,,,,,,,,,
,RAP1GDS1,,,RANBP1,,,,,,,,,,,,,,,,,,,,,,,,,,,,,,
,RARRES1,,,RASD1,,,,,,,,,,,,,,,,,,,,,,,,,,,,,,
,RASSF2,,,RASL12,,,,,,,,,,,,,,,,,,,,,,,,,,,,,,
,RASSF3,,,RASSF3,,,,,,,,,,,,,,,,,,,,,,,,,,,,,,
,RASSF4,,,RASSF8-AS1,,,,,,,,,,,,,,,,,,,,,,,,,,,,,,
,RBMX,,,RBBP4,,,,,,,,,,,,,,,,,,,,,,,,,,,,,,
,RBP1,,,RBBP7,,,,,,,,,,,,,,,,,,,,,,,,,,,,,,
,RELN,,,RBBP8,,,,,,,,,,,,,,,,,,,,,,,,,,,,,,
,RGMB,,,RBCK1,,,,,,,,,,,,,,,,,,,,,,,,,,,,,,
,RGS10,,,RBM39,,,,,,,,,,,,,,,,,,,,,,,,,,,,,,
,RGS17,,,RDH10,,,,,,,,,,,,,,,,,,,,,,,,,,,,,,
,RHBDL2,,,RFC2,,,,,,,,,,,,,,,,,,,,,,,,,,,,,,
,RHOJ,,,RFC4,,,,,,,,,,,,,,,,,,,,,,,,,,,,,,
,RNF115,,,RFLNB,,,,,,,,,,,,,,,,,,,,,,,,,,,,,,
,RNF128,,,RFTN2,,,,,,,,,,,,,,,,,,,,,,,,,,,,,,
,ROR1,,,RFWD3,,,,,,,,,,,,,,,,,,,,,,,,,,,,,,
,RPL22L1,,,RGS17,,,,,,,,,,,,,,,,,,,,,,,,,,,,,,
,RRAS2,,,RGS5,,,,,,,,,,,,,,,,,,,,,,,,,,,,,,
,RSBN1L,,,RHOBTB3,,,,,,,,,,,,,,,,,,,,,,,,,,,,,,
,RTL8C,,,RHOF,,,,,,,,,,,,,,,,,,,,,,,,,,,,,,
,RUNX1T1,,,RIF1,,,,,,,,,,,,,,,,,,,,,,,,,,,,,,
,RWDD1,,,RIPK2,,,,,,,,,,,,,,,,,,,,,,,,,,,,,,
,S100A10,,,RMI1,,,,,,,,,,,,,,,,,,,,,,,,,,,,,,
,S100A4,,,RNASEH2A,,,,,,,,,,,,,,,,,,,,,,,,,,,,,,
,S100A6,,,RNASET2,,,,,,,,,,,,,,,,,,,,,,,,,,,,,,
,SAMD9L,,,RNF138,,,,,,,,,,,,,,,,,,,,,,,,,,,,,,
,SARS1,,,RNF168,,,,,,,,,,,,,,,,,,,,,,,,,,,,,,
,SBF2-AS1,,,RPA1,,,,,,,,,,,,,,,,,,,,,,,,,,,,,,
,SCARA3,,,RPA3,,,,,,,,,,,,,,,,,,,,,,,,,,,,,,
,SCN7A,,,RRM1,,,,,,,,,,,,,,,,,,,,,,,,,,,,,,
,SCN9A,,,RRM2,,,,,,,,,,,,,,,,,,,,,,,,,,,,,,
,SCUBE3,,,S100PBP,,,,,,,,,,,,,,,,,,,,,,,,,,,,,,
,SDC3,,,SAC3D1,,,,,,,,,,,,,,,,,,,,,,,,,,,,,,
,SDC4,,,SAMHD1,,,,,,,,,,,,,,,,,,,,,,,,,,,,,,
,SEMA3C,,,SCG5,,,,,,,,,,,,,,,,,,,,,,,,,,,,,,
,SERPINE1,,,SDC3,,,,,,,,,,,,,,,,,,,,,,,,,,,,,,
,SERPINF1,,,SDHAF4,,,,,,,,,,,,,,,,,,,,,,,,,,,,,,
,SERPING1,,,SEL1L3,,,,,,,,,,,,,,,,,,,,,,,,,,,,,,
,SERPINH1,,,SEMA4B,,,,,,,,,,,,,,,,,,,,,,,,,,,,,,
,SESN3,,,SERPINA1,,,,,,,,,,,,,,,,,,,,,,,,,,,,,,
,SFRP1,,,SERPINA9,,,,,,,,,,,,,,,,,,,,,,,,,,,,,,
,SGCD,,,SERPINB3,,,,,,,,,,,,,,,,,,,,,,,,,,,,,,
,SGMS2,,,SERPINB4,,,,,,,,,,,,,,,,,,,,,,,,,,,,,,
,SH3BGRL3,,,SERPINB7,,,,,,,,,,,,,,,,,,,,,,,,,,,,,,
,SH3BP4,,,SERPINE1,,,,,,,,,,,,,,,,,,,,,,,,,,,,,,
,SHMT2,,,SESTD1,,,,,,,,,,,,,,,,,,,,,,,,,,,,,,
,SHROOM2,,,SF3B1,,,,,,,,,,,,,,,,,,,,,,,,,,,,,,
,SIPA1L2,,,SFR1,,,,,,,,,,,,,,,,,,,,,,,,,,,,,,
,SIX1,,,SIMC1,,,,,,,,,,,,,,,,,,,,,,,,,,,,,,
,SKA2,,,SKA2,,,,,,,,,,,,,,,,,,,,,,,,,,,,,,
,SLC14A1,,,SKP2,,,,,,,,,,,,,,,,,,,,,,,,,,,,,,
,SLC1A4,,,SLAMF8,,,,,,,,,,,,,,,,,,,,,,,,,,,,,,
,SLC2A4RG,,,SLBP,,,,,,,,,,,,,,,,,,,,,,,,,,,,,,
,SLC66A3,,,SLC14A1,,,,,,,,,,,,,,,,,,,,,,,,,,,,,,
,SLC7A1,,,SLC20A1,,,,,,,,,,,,,,,,,,,,,,,,,,,,,,
,SLC7A14,,,SLC25A36,,,,,,,,,,,,,,,,,,,,,,,,,,,,,,
,SLC7A5,,,SLC25A37,,,,,,,,,,,,,,,,,,,,,,,,,,,,,,
,SLC9A7,,,SLC25A40,,,,,,,,,,,,,,,,,,,,,,,,,,,,,,
,SMAD3,,,SLC27A3,,,,,,,,,,,,,,,,,,,,,,,,,,,,,,
,SMAGP,,,SLC2A4RG,,,,,,,,,,,,,,,,,,,,,,,,,,,,,,
,SMPD1,,,SLC39A8,,,,,,,,,,,,,,,,,,,,,,,,,,,,,,
,SNN,,,SLC43A3,,,,,,,,,,,,,,,,,,,,,,,,,,,,,,
,SNRNP25,,,SLC5A3,,,,,,,,,,,,,,,,,,,,,,,,,,,,,,
,SNTB2,,,SLC7A1,,,,,,,,,,,,,,,,,,,,,,,,,,,,,,
,SNX7,,,SLC7A2,,,,,,,,,,,,,,,,,,,,,,,,,,,,,,
,SPARC,,,SLCO4A1,,,,,,,,,,,,,,,,,,,,,,,,,,,,,,
,SPATS2L,,,SLFN11,,,,,,,,,,,,,,,,,,,,,,,,,,,,,,
,SPOCD1,,,SMAD5,,,,,,,,,,,,,,,,,,,,,,,,,,,,,,
,SPOCK1,,,SMARCC1,,,,,,,,,,,,,,,,,,,,,,,,,,,,,,
,SPTBN1,,,SMC1A,,,,,,,,,,,,,,,,,,,,,,,,,,,,,,
,SPX,,,SMC3,,,,,,,,,,,,,,,,,,,,,,,,,,,,,,
,SRD5A1,,,SMC6,,,,,,,,,,,,,,,,,,,,,,,,,,,,,,
,SRI,,,SMOC1,,,,,,,,,,,,,,,,,,,,,,,,,,,,,,
,SSPN,,,SNORD7,,,,,,,,,,,,,,,,,,,,,,,,,,,,,,
,STEAP3,,,SNRPB,,,,,,,,,,,,,,,,,,,,,,,,,,,,,,
,STK17A,,,SNX7,,,,,,,,,,,,,,,,,,,,,,,,,,,,,,
,STMN3,,,SON,,,,,,,,,,,,,,,,,,,,,,,,,,,,,,
,STXBP6,,,SOX11,,,,,,,,,,,,,,,,,,,,,,,,,,,,,,
,SULF1,,,SOX17,,,,,,,,,,,,,,,,,,,,,,,,,,,,,,
,SYNC,,,SP100,,,,,,,,,,,,,,,,,,,,,,,,,,,,,,
,SYNE3,,,SPATA18,,,,,,,,,,,,,,,,,,,,,,,,,,,,,,
,SYNPO,,,SPDL1,,,,,,,,,,,,,,,,,,,,,,,,,,,,,,
,SYNPO2,,,SPEN,,,,,,,,,,,,,,,,,,,,,,,,,,,,,,
,SYT1,,,SPIN4,,,,,,,,,,,,,,,,,,,,,,,,,,,,,,
,SYTL2,,,SRD5A3,,,,,,,,,,,,,,,,,,,,,,,,,,,,,,
,TAC3,,,SRGAP2B,,,,,,,,,,,,,,,,,,,,,,,,,,,,,,
,TAGLN,,,SRRM2,,,,,,,,,,,,,,,,,,,,,,,,,,,,,,
,TBCB,,,ST3GAL1,,,,,,,,,,,,,,,,,,,,,,,,,,,,,,
,TCEA3,,,STEAP1,,,,,,,,,,,,,,,,,,,,,,,,,,,,,,
,TENM4,,,STING1,,,,,,,,,,,,,,,,,,,,,,,,,,,,,,
,TENT5C,,,STMN3,,,,,,,,,,,,,,,,,,,,,,,,,,,,,,
,TES,,,SYNJ2,,,,,,,,,,,,,,,,,,,,,,,,,,,,,,
,TGFBR2,,,TAGLN3,,,,,,,,,,,,,,,,,,,,,,,,,,,,,,
,TGM2,,,TBX2-AS1,,,,,,,,,,,,,,,,,,,,,,,,,,,,,,
,THBS1,,,TBX3,,,,,,,,,,,,,,,,,,,,,,,,,,,,,,
,THSD4,,,TCEAL3,,,,,,,,,,,,,,,,,,,,,,,,,,,,,,
,THY1,,,TCEAL7,,,,,,,,,,,,,,,,,,,,,,,,,,,,,,
,TIMP2,,,TCIRG1,,,,,,,,,,,,,,,,,,,,,,,,,,,,,,
,TIPIN,,,TEX30,,,,,,,,,,,,,,,,,,,,,,,,,,,,,,
,TJP2,,,TGIF1,,,,,,,,,,,,,,,,,,,,,,,,,,,,,,
,TLN1,,,THAP9-AS1,,,,,,,,,,,,,,,,,,,,,,,,,,,,,,
,TMED4,,,THBD,,,,,,,,,,,,,,,,,,,,,,,,,,,,,,
,TMEM106C,,,THBS2,,,,,,,,,,,,,,,,,,,,,,,,,,,,,,
,TMEM171,,,THRAP3,,,,,,,,,,,,,,,,,,,,,,,,,,,,,,
,TMEM176A,,,THY1,,,,,,,,,,,,,,,,,,,,,,,,,,,,,,
,TMEM200B,,,TIFA,,,,,,,,,,,,,,,,,,,,,,,,,,,,,,
,TMEM35A,,,TIPIN,,,,,,,,,,,,,,,,,,,,,,,,,,,,,,
,TMEM47,,,TM6SF1,,,,,,,,,,,,,,,,,,,,,,,,,,,,,,
,TMEM97,,,TMEM106C,,,,,,,,,,,,,,,,,,,,,,,,,,,,,,
,TMTC1,,,TMEM107,,,,,,,,,,,,,,,,,,,,,,,,,,,,,,
,TMTC2,,,TMEM132A,,,,,,,,,,,,,,,,,,,,,,,,,,,,,,
,TNFRSF19,,,TMEM54,,,,,,,,,,,,,,,,,,,,,,,,,,,,,,
,TNFSF4,,,TMEM97,,,,,,,,,,,,,,,,,,,,,,,,,,,,,,
,TNS3,,,TMPO,,,,,,,,,,,,,,,,,,,,,,,,,,,,,,
,TOX,,,TNFAIP3,,,,,,,,,,,,,,,,,,,,,,,,,,,,,,
,TP53I3,,,TNFAIP8,,,,,,,,,,,,,,,,,,,,,,,,,,,,,,
,TP53TG1,,,TNFSF15,,,,,,,,,,,,,,,,,,,,,,,,,,,,,,
,TPM1,,,TNP1,,,,,,,,,,,,,,,,,,,,,,,,,,,,,,
,TPM2,,,TOP1,,,,,,,,,,,,,,,,,,,,,,,,,,,,,,
,TPT1-AS1,,,TPR,,,,,,,,,,,,,,,,,,,,,,,,,,,,,,
,TRAM2,,,TREM1,,,,,,,,,,,,,,,,,,,,,,,,,,,,,,
,TRAPPC1,,,TRIB2,,,,,,,,,,,,,,,,,,,,,,,,,,,,,,
,TRIM14,,,TRIB3,,,,,,,,,,,,,,,,,,,,,,,,,,,,,,
,TRIOBP,,,TRIM56,,,,,,,,,,,,,,,,,,,,,,,,,,,,,,
,TRNP1,,,TRMT5,,,,,,,,,,,,,,,,,,,,,,,,,,,,,,
,TRPV2,,,TRPC1,,,,,,,,,,,,,,,,,,,,,,,,,,,,,,
,TSLP,,,TSC22D1,,,,,,,,,,,,,,,,,,,,,,,,,,,,,,
,TSPAN5,,,TSLP,,,,,,,,,,,,,,,,,,,,,,,,,,,,,,
,TSPO,,,TSPAN5,,,,,,,,,,,,,,,,,,,,,,,,,,,,,,
,TUBA1A,,,TTC3,,,,,,,,,,,,,,,,,,,,,,,,,,,,,,
,TUBA1B,,,TUBG1,,,,,,,,,,,,,,,,,,,,,,,,,,,,,,
,TUBA1C,,,TXNIP,,,,,,,,,,,,,,,,,,,,,,,,,,,,,,
,TUBB,,,TYMS,,,,,,,,,,,,,,,,,,,,,,,,,,,,,,
,TUBB2A,,,UBE2L6,,,,,,,,,,,,,,,,,,,,,,,,,,,,,,
,TUBB2B,,,UBE2T,,,,,,,,,,,,,,,,,,,,,,,,,,,,,,
,TUBB4B,,,UBR7,,,,,,,,,,,,,,,,,,,,,,,,,,,,,,
,TUBB6,,,UHRF1,,,,,,,,,,,,,,,,,,,,,,,,,,,,,,
,TWIST1,,,UQCC2,,,,,,,,,,,,,,,,,,,,,,,,,,,,,,
,TYMS,,,USP1,,,,,,,,,,,,,,,,,,,,,,,,,,,,,,
,UACA,,,VASH1,,,,,,,,,,,,,,,,,,,,,,,,,,,,,,
,UBE2V1,,,VCAM1,,,,,,,,,,,,,,,,,,,,,,,,,,,,,,
,UBE2V1P3,,,VEGFA,,,,,,,,,,,,,,,,,,,,,,,,,,,,,,
,UBR7,,,VNN1,,,,,,,,,,,,,,,,,,,,,,,,,,,,,,
,UGCG,,,VRK2,,,,,,,,,,,,,,,,,,,,,,,,,,,,,,
,UHRF1,,,VWA5A,,,,,,,,,,,,,,,,,,,,,,,,,,,,,,
,USP44,,,WASL,,,,,,,,,,,,,,,,,,,,,,,,,,,,,,
,UTRN,,,WDFY2,,,,,,,,,,,,,,,,,,,,,,,,,,,,,,
,VAT1L,,,WDHD1,,,,,,,,,,,,,,,,,,,,,,,,,,,,,,
,VCAM1,,,WDR34,,,,,,,,,,,,,,,,,,,,,,,,,,,,,,
,VGLL3,,,WDR54,,,,,,,,,,,,,,,,,,,,,,,,,,,,,,
,VIM,,,WDR76,,,,,,,,,,,,,,,,,,,,,,,,,,,,,,
,VSIR,,,WEE1,,,,,,,,,,,,,,,,,,,,,,,,,,,,,,
,WARS1,,,WWTR1,,,,,,,,,,,,,,,,,,,,,,,,,,,,,,
,WASHC3,,,XIST,,,,,,,,,,,,,,,,,,,,,,,,,,,,,,
,WDR1,,,YY1,,,,,,,,,,,,,,,,,,,,,,,,,,,,,,
,WDR41,,,ZBTB38,,,,,,,,,,,,,,,,,,,,,,,,,,,,,,
,WNT2,,,ZDHHC6,,,,,,,,,,,,,,,,,,,,,,,,,,,,,,
,WNT5B,,,ZEB1,,,,,,,,,,,,,,,,,,,,,,,,,,,,,,
,WWOX,,,ZG16B,,,,,,,,,,,,,,,,,,,,,,,,,,,,,,
,XAF1,,,ZNF367,,,,,,,,,,,,,,,,,,,,,,,,,,,,,,
,XYLT1,,,ZNF83,,,,,,,,,,,,,,,,,,,,,,,,,,,,,,
,ZFP36L2,,,ZNF846,,,,,,,,,,,,,,,,,,,,,,,,,,,,,,
,ZNF469,,,,,,,,,,,,,,,,,,,,,,,,,,,,,,,,,
,ZNF703,,,,,,,,,,,,,,,,,,,,,,,,,,,,,,,,,
,ZYX,,,,,,,,,,,,,,,,,,,,,,,,,,,,,,,,,
